Electron Transport Chain Deficiency	Electron Transport Chain Deficiency	0.16,0.35,0.93,2.50,215.61,355.68,419.34,651.10,723.03,868.43
Mitochondrial Disease	Mitochondrial Disease	0.16,0.35,0.93,2.50,215.61,355.68,419.34,651.10,723.03,868.43
Cystathionine Deficiency	Cystathionine Deficiency	0.24,0.73,0.83,7.50,30.00,57.50,95.87,97.50,424.94,562.91
Oxidative Phosphorylation Deficiency	Oxidative Phosphorylation Deficiency	0.16,0.35,0.93,2.50,215.61,355.68,419.34,651.10,723.03,868.43
Phytanic Acid Storge Disease	Phytanic Acid Storge Disease	0.04,0.41,0.62,0.97,7.50,20.00,87.50,342.06,635.31,834.45
Hypoxanthine-Phosphoribosyl-Transferase Deficiency Disease	Hypoxanthine-Phosphoribosyl-Transferase Deficiency Disease	0.07,0.22,0.62,7.50,2.50,41.01,119.34,475.69,527.00,667.00
