Leucine Metablism Disorder	Leucine Metablism Disorder	0.03,0.26,0.78,11.95,7.50,55.54,97.50,515.70,652.43,758.78
Glucose Phosphate Deficiency	Glucose Phosphate Deficiency	0.11,0.24,0.65,0.83,2.50,27.50,55.37,87.50,125.52,322.06
UDPglucose4Epimeraze	UDPglucose4Epimeraze	0.11,0.24,0.65,0.83,2.50,127.50,255.47,387.50,696.50,825.91
Carboxylase Deficiency	Carboxylase Deficiency, Multiple, Late-Onset	0.19,0.35,13.52,90.00,355.08,475.16,527.00,667.00,789.00,986.22
Fucosidase Deficiency	Fucosidase Deficiency	0.05,0.24,0.68,0.95,2.50,7.50,32.50,96.50,275.47,522.53
Biotinidase Deficiency	Biotinidase Deficiency	0.19,0.35,13.52,90.00,355.08,475.16,527.00,667.00,789.00,986.22
Fatty Acid Oxidation Disorder	Fatty Acid Oxidation Disorder	0.02,0.52,0.73,2.25,5.43,45.44,269.71,534.25,682.45,751.87
Hypophosphatasia	Hypophosphatasia	0.04,0.22,0.95,5.58,25.68,17.50,42.50,60.00,95.23,125.68
Metabolic Stress	Metabolic Stress	0.14,0.68,2.50,62.42,122.53,300.00,496.01,655.20,755.00,805.12
inosinic acid	inosinic acid	2.642