Niacin Deficiency	Niacin Deficiency 	0.19,0.23,0.95,82.50,192.71,227.50,452.02,592.50,731.31,815.72
Vitamin A Deficiency	Vitamin A Deficiency 	0.14,0.57,0.95,23.50,269.71,57.50,175.16,436.42,642.91,978.05
Vitamin B Deficiency	Vitamin B Deficiency 	0.05,0.41,1.00,45.00,97.50,324.37,410.25,566.41,709.83,930.12
Vitamin C Deficiency	Vitamin C Deficiency 	0.05,0.73,2.95,47.50,222.53,452.59,517.50,683.00,712.00,993.41
Vitamin D Deficiency	Vitamin D Deficiency 	0.17,0.22,0.62,11.09,40.00,57.50,150.00,175.00,426.90,826.00
