Caliciviridae Infections	Caliciviridae Infections	0.06,0.49,0.57,7.50,2.50,30.00,72.50,225.75,419.34,561.93
Polio	Polio	0.02,0.12,0.75,37.93,105.17,213.71,465.00,597.50,724.37,825.34
Coxsackie Virus Infections	Coxsackie Virus Infections	0.07,0.22,0.62,2.50,360.50,366.10,364.00,475.29,527.00,667.00
Foot and Mouth Disease	Foot and Mouth Disease	0.12,0.55,0.85,72.50,125.75,375.19,477.50,527.00,667.00,752.70
Encephalitis Japanese	Encephalitis Japanese	0.15,0.23,0.60,0.95,7.50,150.89,455.34,527.50,896.50,917.20
Coronaviridae Infections	Coronaviridae Infections	0.08,0.35,5.75,12.93,63.47,182.50,435.29,562.50,793.50,995.75
Dengue Fever	Dengue Fever	0.16,0.55,1.85,17.50,82.50,192.50,352.50,519.34,750.00,824.37
Rubella Virus	Rubella Virus	0.07,0.24,0.60,7.22,132.25,427.50,555.95,690.00,875.00,936.42
Yellow Fever Virus	Yellow Fever Virus	0.05,7.50,17.50,47.50,96.50,475.05,527.00,657.11,753.23,987.23
AlphaVirus	AlphaVirus	0.12,0.78,12.71,55.00,90.00,175.05,425.00,571.00,822.00,932.00
