Herpes Labialis	Herpes Labialis	0.11,0.55,1.23,5.58,27.50,291.25,293.05,292.00,345.50,824.37
Herpes Genitalis	Herpes Genitalis	0.12,0.55,0.95,291.25,293.05,292.00,345.50,495.22,734.25,824.37
Herpes Zoster	Herpes Zoster	0.12,0.45,0.90,5.91,137.50,372.50,416.60,420.20,418.00,824.37
Epstein-Barr Virus	Epstein-Barr Virus	0.07,0.52,0.70,0.93,372.50,375.00,380.00,382.85,519.34,791.28
Cytomegalovirus Infections	Cytomegalovirus Infections	0.07,0.12,0.85,9.50,88.00,141.20,297.50,425.95,675.31,827.00
Roseola Infantum	Roseola Infantum	0.07,0.50,0.95,7.50,10.53,132.50,242.50,392.01,629.26,915.48
Polyomavirus Infections	Polyomavirus Infections	0.13,0.52,6.75,71.25,105.15,347.50,572.50,690.00,775.87,826.90
Adenovirus Infections	Adenovirus Infections	0.18,0.52,0.80,37.50,93.20,150.00,392.90,509.35,755.00,866.15
Human Papilloma Virus	Human Papilloma Virus	0.04,0.32,0.57,0.85,30.25,173.21,301.80,402.85,410.70,475.47
Smallpox	Smallpox	0.08,0.35,5.50,35.17,62.50,93.50,225.00,496.01,682.45,753.07
Fifth  Disease	Fifth  Disease	0.07,0.24,0.65,0.90,2.50,27.50,155.36,215.70,375.54,522.53
