Heavy Metal	Heavy Metal	0.20,0.14,0.33,0.42,0.55,0.52,0.76,128.33,435.21
Toxin Extracton	Toxin Extraction	0.20,0.14,0.33,0.42,0.44,0.55,0.52,0.76,0.78,1.86
Plant Poisoning	Plant Poisoning	0.13,0.52,1.73,7.25,15.71,35.34,272.51,512.91,775.83,815.38
Arsenic Poisoning	Arsenic Poisoning	0.10,0.83,5.50,52.50,342.06,458.50,515.09,687.62,712.23,995.38
Radiation Detox	Radiation Detox	0.25,0.50,2.75,65.35,105.31,328.21,357.00,405.15,424.65,575.20
Reduce Electrical Sensitivity	Reduce  Electrical Sensitivity	0.657
Detox(Liver,Kidney,lymph,Intestinal tract, Scar)	Detox（Liver~）	0.03,0.54,0.75,0.02,0.24,0.15,0.52,0.44,0.64,0.18
Adverse Drug Reaction	Adverse Drug Reaction	0.20,0.14,0.33,0.42,0.44,0.55,0.52,0.76,0.78,1.86
Autointoxication	Autointoxication	0.522,0.146,1.550,10.00,0.8,0.88,0.787,0.72,7.02
Reduce Negative Energy	Reduce Negative Energy	20.08,89.08