Leaky Gut Syndrome	Leaky Gut Syndrome	0.17,0.22,0.47,0.61,109.33,117.88,211.00,360.00,525.71,683.47
Celiac Disease	Celiac Disease	0.12,0.55,0.85,2.50,20.00,47.50,72.50,125.17,379.93,475.19
Hypersensitivity Atopic	Hypersensitivity Atopic	0.04,0.24,0.57,1.92,30.72,57.50,152.01,321.26,669.71,823.01
Hypersensitivity	Hypersensitivity	0.04,0.37,0.65,0.80,2.50,25.58,52.50,192.50,375.79,925.06
Multiple Chemical Sensitivity	Multiple Chemical Sensitivity	0.08,0.37,0.78,8.85,45.50,113.52,241.01,392.50,675.87,812.02
Idiopathic Environmental Allergy	Idiopathic Environmental Allergy	0.08,0.37,0.78,8.85,45.50,113.52,241.01,392.50,675.87,812.02
Latex Hypersensitivity	Latex Hypersensitivity	0.15,0.23,0.65,0.93,7.50,11.09,52.50,172.51,383.50,516.52
Anaphylacitic Reaction	Anaphylacitic Reaction	0.14,0.75,2.50,65.00,87.30,236.42,400.00,561.93,714.82,978.05
