Salmonella Infections	Salmonella Infections	0.18,0.57,1.85,7.50,329.00,382.30,386.55,355.00,386.00,390.00
Lactobacillus acidophilus	Lactobacillus acidophilus	346.05,347.00,348.00,349.00,350.00,351.65,352.00,353.00,354.00,355.00
Escherichia coli Infections	Escherichia coli Infections	0.16,0.41,0.73,0.83,7.50,356.00,393.00,425.00,610.50,826.07
Yersinia	Yersinia	0.15,5.50,12.85,35.16,93.50,269.71,426.90,571.00,822.00,937.41
Proteus Syndrome	Proteus Syndrome	0.06,0.25,0.87,12.30,55.71,85.00,187.50,442.50,696.50,875.31
Fusobacterium Infections	Fusobacterium Infections	0.19,0.18,0.75,9.00,11.09,22.50,47.50,115.70,377.91,470.12
Klebsiella Infections	Klebsiella Infections	0.13,0.41,0.65,0.97,7.50,10.47,398.45,401.00,404.65,419.00
Bartonella Infections	Bartonella Infections	0.07,0.12,1.63,20.00,40.00,134.25,357.77,510.25,752.63,923.70
Chancroid	Chancroid	0.24,0.70,7.50,72.50,119.34,324.37,515.70,682.02,754.19,941.00
Haemophilus influenzae	Haemophilus influenzae	0.05,0.37,0.83,2.50,3.00,73.30,95.75,175.00,269.71,336.41
Shigella Infections	Shigella Infections 	3.00,73.30,95.75,175.00,269.71,318.00,390.09,394.00,426.22,512.81