Rickettsia Infections	Rickettsia Infections	0.13,0.18,0.83,5.25,127.50,212.50,335.28,560.00,695.95,997.50
Ehrlichiosis	Ehrlichiosis	0.08,0.12,0.85,58.87,224.03,410.20,585.83,626.07,725.34,826.90
Q Fever	Q Fever	0.80,1.12,9.85,51.71,75,93,412.02,385.69,690.00,812.93,906.42
Echinococcosis	Echinococcosis	0.12,0.55,5.85,81.50,127.55,241.52,471.50,625.30,853.00,915.09
Chlamydiaceae Infections	Chlamydiaceae Infections	0.05,0.41,0.80,7.50,125.19,275.00,424.37,560.00,642.91,985.90
Gram-Positive Bacterial Infections	Gram-Positive Bacterial Infections	0.15,0.92,2.75,13.22,163.00,275.29,307.25,435.37,587.50
Gram-Negative Bacterial Infections	Gram-Negative Bacterial Infections	0.15,9.23,42.75,183.85,275.29,307.25,435.37,587.50
