Eosinophilia	Eosinophilia	0.02,0.12,0.95,12.33,82.50,152.00,362.02,604.00,713.34,823.58
Neutropenia	Neutropenia	0.06,0.46,0.62,0.97,2.50,22.68,167.51,436.42,558.57,726.16
IgA Deficiency	IgA Deficiency	0.13,0.23,0.70,0.87,5.78,7.25,30.00,96.50,322.06,519.34
Histiocytosis Langerhans Cell	Histiocytosis Langerhans Cell	0.14,0.32,0.97,2.50,11.09,20.00,57.50,225.00,423.01,565.36
Plasma Cell Dyscrasias	Plasma Cell Dyscrasias	0.13,0.40,0.68,0.80,5.26,72.50,135.47,296.50,556.72,879.93
Mast Cell Disease	Mast Cell Disease	0.07,0.24,0.78,12.50,57.50,112.05,241.21,361.28,596.50,888.20
Paraproteinemia	Paraproteinemia	0.13,0.40,0.68,0.80,5.26,72.50,135.47,296.50,556.72,879.93
Ganglioside Sialidase Deficiency	Ganglioside Sialidase Deficiency	0.20,0.25,0.65,2.50,3.00,7.50,96.50,326.16,534.25,652.43
Anemia Fonconi	Anemia Fonconi	0.05,0.41,1.29,5.43,7.25,125.44,467.50,605.91,702.50,815.43
Immunodeficiency AIS	Immunodeficiency AIS	0.15,5.58,22.00,30.00,47.50,360.59,365.00,388.90,434.00,456.11
Morgellons(Internal Parasites)	Morgellons(Internal Parasites)	0.16,0.30,0.68,0.90,2.50,5.50,13.93,356.72,451.17,483.52,93.50,380.67,412.12
