Bone Fracture	Bone Fractures	0.13,0.57,0.78,0.93,32.50,217.50,552.71,743.01,815.91,913.52
Intervertebral Disk Displacement	Intervertebral Disk Displacement	0.04,0.41,0.62,7.50,2.75,40.00,275.65,475.68,527.00,667.00
Prosthesis Implantation	Prosthesis Implantation	0.10,0.52,0.87,3.20,15.89,32.75,132.00,437.50,525.83,725.31
Arthropathy Neurogenic	Arthropathy Neurogenic	0.11,5.33,7.00,15.00,125.00,350.00,425.00,571.00,828.00,932.00
Tendinopathy	Tendinopathy	0.30,12.71,50.00,150.00,358.57,479.50,527.00,662.71,749.00,986.22
Arthritis Reactive	Arthritis Reactive	0.06,0.65,0.80,5.81,42.50,398.40,410.00,571.00,828.00,937.41
Osteoarthritis	Osteoarthritis	0.06,0.41,0.87,7.50,8.00,77.50,187.50,358.81,721.00,986.22
Perthes Disease	Perthes Disease	0.04,0.32,0.70,0.87,5.78,32.50,181.93,621.69,705.54,815.70
Heberden's Node	Heberden's Node	0.06,0.41,0.87,7.50,8.00,77.50,187.50,358.81,721.00,986.22
Paget's Disease	Paget's Disease	0.08,0.49,0.68,7.50,11.09,17.50,72.50,215.70,456.50,517.50
