Liver Disease	Liver Disease	0.11,0.55,0.97,12.33,17.50,30.00,160.10,383.50,421.00,645.25
Gallbladder Diseases	Gallbladder Diseases	0.12,0.55,0.95,5.37,22.50,42.50,162.50,292.50,442.20,524.37
Kidney Disease	Kidney Disease	0.07,0.18,0.57,7.50,13.61,122.50,211.00,305.85,452.20,591.43
Heart Disease	Heart Disease	0.07,0.22,0.70,2.75,7.25,50.00,67.50,115.70,356.72,475.52
Gastrointestinal Disease	Gastrointestinal Disease	0.02,0.52,0.70,0.90,2.50,5.25,15.47,142.50,292.50,821.06
Splenic Disease	Splenic Disease	0.04,0.35,7.25,2.50,60.00,125.00,300.00,475.17,527.00,752.70
Pancreatic Disease	Pancreatic Disease	0.08,0.40,0.83,5.47,105.00,215.47,417.50,631.00,801.91,931.22
Exocrine Pancreatic Insufficiency	Exocrine Pancreatic Insufficiency	0.10,0.50,0.68,5.95,35.71,87.50,137.50,357.50,596.50,742.06
Cough	Cough	0.07,0.24,0.91,7.50,12.08,145.50,442.00,574.50,797.50,983.50
Alveolitis Fibrosing	Alveolitis Fibrosing	0.65,0.41,0.62,4.97,7.50,15.31,87.50,352.93,385.90,504.37
Asbestosis	Asbestosis	0.04,0.97,7.50,87.50,175.33,475.16,527.00,657.11,742.00,985.67
Pleurisy	Pleurisy	0.08,0.41,1.47,5.25,47.53,121.21,357.50,497.50,612.50,821.02
Tracheal Stenosis	Tracheal Stenosis	0.07,0.37,8.00,13.98,47.50,96.50,150.00,519.34,689.93,923.70
COPD	COPD	0.37,0.41,0.62,0.97,7.50,15.31,87.50,204.72,309.21,457.22
Pulmonary Fibrosis	Pulmonary Fibrosis	0.65,0.41,0.62,4.97,7.50,15.31,87.50,325.93,385.90,504.37
Silicosis	Silicosis	0.09,07.25,45.75,72.50,150.00,325.19,477.50,527.00,667.00,761.20
Beryllium Disease	Beryllium Disease	0.14,0.26,5.62,42.50,65.11,90.00,517.50,688.29,712.23,997.87
Pharyngeal Disease	Pharyngeal Disease	0.04,0.50,0.95,2.75,82.85,122.01,237.50,422.53,635.35,873.53
Laryngeal Disease	Laryngeal Disease	0.03,0.24,0.62,0.83,183.39,315.62,432.39,691.50,822.54,923.01
Voice Disorders	Voice Disorders	0.08,0.16,15.50,85.00,92.00,357.30,541.00,657.11,833.20,987.23
Thyroid	Thyroid	0.763
Adrenal Gland Diseas	Adrenal Gland Disease	0.07,5.50,73.30,134.25,357.30,454.37,519.68,689.41,712.23,993.41
Addison Disease	Addison Disease	0.19,0.75,0.90,7.50,27.50,222.70,425.71,563.19,642.91,978.05