Brain Disorder	Brain Disorder	0.04,0.25,0.46,0.32,0.52,0.75,42.50,87.50,132.41,376.29
Huntington Disease	Huntington Disease	0.15,0.23,0.75,3.85,52.25,177.25,400.00,563.19,642.91,976.90
Narcolepsy	Narcolepsy	0.14,0.57,0.73,7.50,2.50,50.00,187.50,455.30,672.23,775.87
Thalamic Disease	Thalamic Disease	0.02,0.22,25.00,55.75,125.00,229.32,450.00,515.16,712.81,993.41
Cerebral Aneurysm	Cerebral Aneurysm	0.08,0.24,0.57,7.50,10.72,36.21,142.50,321.00,415.70,775.68
Cerebrovascular Disorders	Cerebrovascular Disorders	0.08,0.25,0.70,0.85,7.50,17.50,185.75,350.00,425.17,510.50
Vasospasm Intracranial	Vasospasm Intracranial	0.19,0.26,0.57,7.50,12.69,35.33,322.06,425.71,564.28,930.12
Ischemic Attack	Ischemic Attack	0.17,0.40,0.62,0.85,2.50,25.00,109.32,362.57,621.68,775.67
Hemiplegia	Hemiplegia	0.11,0.49,0.78,2.25,77.50,102.71,262.50,455.91,837.50,910.50
Cerebral Stroke	Cerebral Stroke	0.09,0.12,0.62,15.17,96.50,225.00,425.16,571.00,841.00,937.41
Epilepsy	Epilepsy	0.07,0.18,0.73,0.87,5.71,7.25,22.50,97.50,375.35,500.00,655.20,751.87,932.41
