Anxiety	Anxiety	0.08,0.62,0.87,5.81,225.00,423.07,572.00,727.33,841.12,903.91
Phobia School	Phobia School	0.02,0.23,0.65,16.95,73.50,120.53,355.54,607.59,816.51,979.93
Depression	Depression	0.14,0.22,0.62,7.50,15.50,41.09,465.69,597.50,722.70,875.9
Bipolar Disorder	Bipolar Disorder	0.16,0.80,7.50,30.00,67.50,125.00,352.93,563.19,642.91,930.12
Phobic Disorder	Phobic Disorder	0.02,0.23,0.65,16.95,73.50,120.53,355.54,607.59,816.51,979.93
Sleep Disorder	Sleep Disorder	0.13,0.40,0.62,42.50,57.50,92.50,175.00,475.17,527.00,667.00
Cyclothymic Disorder	Cyclothymic Disorder	0.15,0.23,0.60,0.95,7.50,18.30,155.03,517.50,696.50,893.00
Hysteria Dissociative	Hysteria Dissociative	0.11,0.49,0.97,17.30,29.50,422.50,602.50,715.31,803.50,924.37
Hypochondriasis	Hypochondriasis	0.03,0.50,0.85,7.50,8.00,127.50,235.58,525.79,725.00,825.79
worry	worry	6.13
worry Illness	worry Illness	0.664,0.764
Obsessive Compulsive Disorder	Obsessive Compulsive Disorder	0.19,0.75,1.42,5.25,25.51,42.57,162.21,492.83,671.51,808.53
Brain Disorder	Brain Disorder	0.04,0.25,0.46,0.32,0.52,0.75,42.50,87.50,132.41,376.29
Schizophrenia	Schizophrenia	0.07,0.50,0.97,9.00,12.85,132.50,337.50,524.37,758.57,955.72
Psychotic Disorder	Psychotic Disorder	0.57,0.68,0.87,2.50,5.71,32.50,92.50,322.53,519.34,653.69
Addiction	Addiction	0.28,0.35,0.47,1.88,4.34,5.20,43.42,143.04,234.04,343.45
Spirit	Spirit	1.565
Remove negative Energy	Remove negative Energy	20.08,89.08
